{
    "5d3dca7b": {
        "transform_s2v" : [
            [
                14.018349563114992,
                -42.70979130773814,
                1052.9999999999998
            ],
            [
                -0.19963655612485331,
                -6.698081703361131,
                320.99999999999983
            ],
            [
                -0.015594606549563695,
                -0.026350254075448325,
                1.0
            ]
        ],
        "transform_v2s": [
            [
                -0.017187142367418765,
                -0.14609071012305966,
                64.99317886239413
            ],
            [
                0.04692555625866801,
                -0.2971951896382306,
                45.987045133494654
            ],
            [
                0.0009684736071164141,
                -0.010109395901883908,
                1.0
            ]
        ],
        "undistort": {
            "mtx": [
                [
                    960.0,
                    0.0,
                    960.0
                ],
                [
                    0.0,
                    960.0,
                    540.0
                ],
                [
                    0.0,
                    0.0,
                    1.0
                ]
            ],
            "dist": [
                -0.19260000000000013,
                0.0044,
                0.0,
                0.0,
                0.009999999999999998
            ],
            "new_camera_mtx": [
                [
                    673.2849084153523,
                    0.0,
                    959.9998183526699
                ],
                [
                    0.0,
                    677.8125617208748,
                    539.971070711708
                ],
                [
                    0.0,
                    0.0,
                    1.0
                ]
            ]
        }
    },
    "c8b5b197": {
        "transform_s2v" : [
            [
                62.811466567499956,
                -6.388169542392025,
                168.00000000000017
            ],
            [
                5.084553523531963,
                -2.9436033697865907,
                270.0
            ],
            [
                0.027014653873945273,
                -0.03374341821592811,
                1.0
            ]
        ],
        "transform_v2s": [
            [
                -0.04046372857211952,
                -0.004719311755711624,
                8.072120574158225
            ],
            [
                -0.014496343633828516,
                -0.38234106334222473,
                105.66747283288394
            ],
            [
                0.0006039574359869939,
                -0.012774003827875559,
                1.0
            ]
        ],
        "undistort": {
            "mtx": [
                [
                    960.0,
                    0.0,
                    960.0
                ],
                [
                    0.0,
                    960.0,
                    540.0
                ],
                [
                    0.0,
                    0.0,
                    1.0
                ]
            ],
            "dist": [
                -0.12500000000000008,
                0.0,
                0.0,
                0.0,
                0.0026000000000000007
            ],
            "new_camera_mtx": [
                [
                    708.9006037657999,
                    0.0,
                    960.3840133119759
                ],
                [
                    0.0,
                    708.7764548772034,
                    540.1214001247321
                ],
                [
                    0.0,
                    0.0,
                    1.0
                ]
            ]
        }
    }
}